id,revenue
3001,25000
3002,5000000
3003,9500000
3004,4600000
3005,25000
3006,2500000
3007,8
3008,9000000
3009,4600000
3010,102000000
3011,7000000
3012,3
3013,11000000
3014,500000
3015,12
3016,11000000
3017,110000000
3018,4100000
3019,20000000
3020,15000000
3021,13000000
3022,100000000
3023,13000000
3024,100000000
3025,1600000
3026,60000000
3027,33000000
3028,4600000
3029,500000
3030,23000000
3031,3200000
3032,5900000
3033,1
3034,100
3035,7800000
3036,5483299
3037,17000000
3038,6500000
3039,6700000
3040,17000000
3041,21000000
3042,17000000
3043,7800000
3044,1500000
3045,6500000
3046,1
3047,11000000
3048,12
3049,13000000
3050,6000000
3051,1
3052,12
3053,7000000
3054,14000000
3055,15000000
3056,6700000
3057,6700000
3058,60000000
3059,3
3060,15000000
3061,16002420
3062,1
3063,12
3064,60000000
3065,110000000
3066,18000000
3067,5000000
3068,100000000
3069,13000000
3070,3100000
3071,500000
3072,60000000
3073,9500000
3074,25000
3075,21000000
3076,4100000
3077,2000000
3078,102000000
3079,110000000
3080,12
3081,36000000
3082,1400000
3083,33000000
3084,1
3085,7900000
3086,21000000
3087,9500000
3088,13000000
3089,2500000
3090,6700000
3091,1400000
3092,6000000
3093,102000000
3094,110000000
3095,15000000
3096,4000000
3097,60000000
3098,33000000
3099,60000000
3100,10
3101,17000000
3102,7800000
3103,3
3104,3000000
3105,18
3106,60000000
3107,12000000
3108,18000000
3109,3100000
3110,102000000
3111,2000000
3112,33000000
3113,17000000
3114,13000000
3115,11000000
3116,12000000
3117,1600000
3118,6500000
3119,102000000
3120,11000000
3121,10400000
3122,16000000
3123,100
3124,5000000
3125,6000000
3126,100000000
3127,102000000
3128,13000000
3129,1400000
3130,10000000
3131,4600000
3132,5900000
3133,13000000
3134,10000000
3135,10000000
3136,12000000
3137,6500000
3138,9600000
3139,12000000
3140,13000000
3141,1400000
3142,11000000
3143,102000000
3144,110000000
3145,102000000
3146,500000
3147,4600000
3148,1600000
3149,30
3150,13000000
3151,3200000
3152,2000000
3153,1600000
3154,7500000
3155,21000000
3156,5000000
3157,102000000
3158,12000000
3159,6000000
3160,11000000
3161,1600000
3162,1600000
3163,23000000
3164,7000000
3165,25000
3166,3
3167,30
3168,20000000
3169,5000000
3170,3200000
3171,20000000
3172,12000000
3173,25000
3174,10000000
3175,1000000
3176,25000
3177,100000000
3178,3
3179,16000000
3180,11000000
3181,3200000
3182,4600000
3183,2000000
3184,20000000
3185,9500000
3186,12
3187,8
3188,23000000
3189,7800000
3190,10000000
3191,7500000
3192,5000000
3193,76000000
3194,12000000
3195,5000000
3196,9500000
3197,1600000
3198,12000000
3199,12000000
3200,11000000
3201,10000000
3202,18000000
3203,7000000
3204,10
3205,36000000
3206,14000000
3207,6700000
3208,3200000
3209,6000000
3210,1500000
3211,25000
3212,12
3213,21000000
3214,6000000
3215,6000000
3216,6700000
3217,12000000
3218,76000000
3219,500000
3220,62000000
3221,2200000
3222,12
3223,20000000
3224,1
3225,11000000
3226,7000000
3227,6500000
3228,17000000
3229,6000000
3230,7900000
3231,23000000
3232,6800000
3233,17000000
3234,1000000
3235,7000000
3236,25
3237,6500000
3238,26096852
3239,7800000
3240,102000000
3241,17000000
3242,1400000
3243,4300000
3244,11000000
3245,2600000
3246,13000000
3247,10000000
3248,7400000
3249,23000000
3250,102000000
3251,9000000
3252,102000000
3253,23000000
3254,1300000
3255,2500000
3256,11301649
3257,14000000
3258,4100000
3259,13620075
3260,18
3261,18000000
3262,1500000
3263,6000000
3264,76000000
3265,1000000
3266,1000000
3267,7500000
3268,1000000
3269,23000000
3270,17000000
3271,10000000
3272,23000000
3273,2000000
3274,102000000
3275,12000000
3276,10000000
3277,62000000
3278,15000000
3279,11000000
3280,7000000
3281,9500000
3282,25000000
3283,10400000
3284,20000000
3285,21000000
3286,17000000
3287,102000000
3288,60000000
3289,60000000
3290,17000000
3291,4600000
3292,6500000
3293,47000000
3294,3
3295,1300000
3296,3000000
3297,7500000
3298,33000000
3299,14000000
3300,23000000
3301,30
3302,1100000
3303,2200000
3304,7500000
3305,12
3306,16000000
3307,6800000
3308,12000000
3309,14000000
3310,16000000
3311,5000000
3312,3
3313,7800000
3314,1400000
3315,62000000
3316,21000000
3317,9700000
3318,6000000
3319,11000000
3320,2000000
3321,10400000
3322,10000000
3323,4600000
3324,6500000
3325,21000000
3326,6500000
3327,33000000
3328,12000000
3329,4600000
3330,17000000
3331,5000000
3332,100000000
3333,7000000
3334,18000000
3335,21000000
3336,7500000
3337,25000
3338,7900000
3339,6000000
3340,15000000
3341,3200000
3342,11000000
3343,13000000
3344,4100000
3345,10000000
3346,21000000
3347,1000000
3348,1400000
3349,3100000
3350,33000000
3351,12000000
3352,3
3353,2000000
3354,7000000
3355,1400000
3356,13000000
3357,76000000
3358,11000000
3359,6700000
3360,3200000
3361,102000000
3362,3
3363,10400000
3364,10400000
3365,1000000
3366,1000000
3367,102000000
3368,10000000
3369,12
3370,36000000
3371,100000000
3372,4000000
3373,15000000
3374,11000000
3375,100000000
3376,18000000
3377,5000000
3378,76000000
3379,9000000
3380,1000000
3381,7000000
3382,6000000
3383,10000000
3384,33000000
3385,102000000
3386,3
3387,12
3388,10000000
3389,60000000
3390,4300000
3391,13000000
3392,11000000
3393,4100000
3394,6700000
3395,4300000
3396,6000000
3397,2600000
3398,102000000
3399,4100000
3400,20000000
3401,17000000
3402,1
3403,15000000
3404,6000000
3405,6700000
3406,1100000
3407,102000000
3408,12
3409,1400000
3410,6500000
3411,36160375
3412,13000000
3413,11000000
3414,10000000
3415,3200000
3416,14000000
3417,33000000
3418,20000000
3419,102000000
3420,25
3421,10000000
3422,8
3423,102000000
3424,25
3425,14000000
3426,36000000
3427,100000000
3428,6000000
3429,13000000
3430,6500000
3431,11000000
3432,9500000
3433,1500000
3434,500000
3435,1600000
3436,7800000
3437,1400000
3438,11000000
3439,14000000
3440,6700000
3441,15000000
3442,10
3443,4100000
3444,6700000
3445,100000000
3446,10
3447,25000
3448,23000000
3449,10400000
3450,33000000
3451,1400000
3452,6700000
3453,12000000
3454,25000000
3455,7900000
3456,15000000
3457,11000000
3458,13000000
3459,60000000
3460,2000000
3461,8000000
3462,7900000
3463,8000000
3464,8000000
3465,12000000
3466,3
3467,11000000
3468,18
3469,6700000
3470,25000
3471,10400000
3472,25000
3473,7800000
3474,14000000
3475,102000000
3476,1400000
3477,1000000
3478,4300000
3479,13000000
3480,10000000
3481,2300000
3482,2300000
3483,100
3484,6000000
3485,110000000
3486,12
3487,12
3488,4000000
3489,9500000
3490,33000000
3491,20000000
3492,2200000
3493,60000000
3494,9500000
3495,18000000
3496,14000000
3497,4600000
3498,100000000
3499,14000000
3500,1600000
3501,20000000
3502,12
3503,20000000
3504,9700000
3505,6000000
3506,33000000
3507,13000000
3508,6000000
3509,6000000
3510,10000000
3511,102000000
3512,6500000
3513,25000000
3514,3000000
3515,25
3516,20000000
3517,102000000
3518,4600000
3519,1600000
3520,20000000
3521,7000000
3522,6000000
3523,47000000
3524,13000000
3525,110000000
3526,2300000
3527,10000000
3528,13000000
3529,102000000
3530,10400000
3531,33000000
3532,15000000
3533,12
3534,3200000
3535,4000000
3536,4100000
3537,7000000
3538,20000000
3539,76000000
3540,12
3541,11000000
3542,15000000
3543,9500000
3544,12
3545,25000
3546,1600000
3547,1100000
3548,102000000
3549,3200000
3550,102000000
3551,15000000
3552,14000000
3553,14000000
3554,7900000
3555,12000000
3556,30
3557,2000000
3558,13000000
3559,7900000
3560,4600000
3561,1100000
3562,6700000
3563,2600000
3564,10000000
3565,10000000
3566,6800000
3567,3200000
3568,11000000
3569,60000000
3570,20000000
3571,110000000
3572,102000000
3573,18
3574,10000000
3575,12000000
3576,12000000
3577,20000000
3578,7900000
3579,30
3580,14000000
3581,7500000
3582,6700000
3583,102000000
3584,14000000
3585,17000000
3586,1500000
3587,9500000
3588,18
3589,102000000
3590,10000000
3591,10
3592,10400000
3593,7800000
3594,8000000
3595,30
3596,12000000
3597,5000000
3598,12000000
3599,23000000
3600,12
3601,20000000
3602,9700000
3603,6000000
3604,11000000
3605,12
3606,1600000
3607,12
3608,6500000
3609,1100000
3610,1400000
3611,10
3612,11000000
3613,1600000
3614,23000000
3615,7900000
3616,6000000
3617,17000000
3618,76000000
3619,25000
3620,12
3621,13000000
3622,21000000
3623,102000000
3624,7000000
3625,18
3626,12000000
3627,100000000
3628,13000000
3629,2000000
3630,1100000
3631,12000000
3632,20000000
3633,3200000
3634,1400000
3635,10000000
3636,1400000
3637,13000000
3638,14000000
3639,102000000
3640,15000000
3641,1600000
3642,10000000
3643,9000000
3644,1500000
3645,12355798
3646,6000000
3647,12000000
3648,5900000
3649,11000000
3650,10000000
3651,102000000
3652,10
3653,60000000
3654,6000000
3655,3
3656,1100000
3657,1600000
3658,20000000
3659,60000000
3660,12000000
3661,4600000
3662,4300000
3663,102000000
3664,25000
3665,5000000
3666,12000000
3667,110000000
3668,12000000
3669,10000000
3670,17000000
3671,11000000
3672,7800000
3673,12000000
3674,7500000
3675,4600000
3676,12
3677,12
3678,6500000
3679,15000000
3680,10000000
3681,10400000
3682,102000000
3683,2200000
3684,100000000
3685,9500000
3686,1300000
3687,102000000
3688,10
3689,36000000
3690,110000000
3691,47000000
3692,13000000
3693,60000000
3694,10400000
3695,12000000
3696,11000000
3697,21000000
3698,12000000
3699,13000000
3700,5000000
3701,21000000
3702,1000000
3703,62000000
3704,18
3705,110000000
3706,13000000
3707,500000
3708,9700000
3709,102000000
3710,9500000
3711,11000000
3712,21000000
3713,33000000
3714,2500000
3715,7800000
3716,10000000
3717,1100000
3718,11000000
3719,12000000
3720,20000000
3721,100
3722,110000000
3723,5000000
3724,21000000
3725,76000000
3726,11000000
3727,8
3728,60000000
3729,25000000
3730,6500000
3731,110000000
3732,20000000
3733,33000000
3734,76000000
3735,2000000
3736,13000000
3737,3000000
3738,1000000
3739,12000000
3740,17000000
3741,12
3742,56308881
3743,120000
3744,8000000
3745,12000000
3746,13000000
3747,7000000
3748,7800000
3749,4300000
3750,14000000
3751,7000000
3752,76000000
3753,13000000
3754,12
3755,12000000
3756,12000000
3757,102000000
3758,14000000
3759,14000000
3760,2000000
3761,13000000
3762,60000000
3763,10000000
3764,2000000
3765,20000000
3766,12000000
3767,11000000
3768,500000
3769,11000000
3770,1
3771,23000000
3772,11000000
3773,7800000
3774,12000000
3775,33000000
3776,4600000
3777,12000000
3778,10
3779,20000000
3780,1600000
3781,3100000
3782,10000000
3783,13000000
3784,7000000
3785,7900000
3786,10000000
3787,102000000
3788,6500000
3789,10000000
3790,8000000
3791,10000000
3792,1100000
3793,25
3794,1400000
3795,9700000
3796,1500000
3797,4100000
3798,9000000
3799,2600000
3800,12000000
3801,102000000
3802,1600000
3803,25000000
3804,1000000
3805,10000000
3806,1400000
3807,7800000
3808,9700000
3809,23000000
3810,1600000
3811,6000000
3812,1500000
3813,6000000
3814,10000000
3815,21000000
3816,102000000
3817,11000000
3818,7800000
3819,20000000
3820,110000000
3821,9000000
3822,13000000
3823,11000000
3824,2300000
3825,6700000
3826,21000000
3827,102000000
3828,10000000
3829,25000
3830,18
3831,6000000
3832,60000000
3833,7000000
3834,8000000
3835,4300000
3836,10000000
3837,76000000
3838,7000000
3839,6000000
3840,18
3841,20000000
3842,2600000
3843,62000000
3844,10000000
3845,25000
3846,5000000
3847,10
3848,1600000
3849,2000000
3850,7900000
3851,12000000
3852,23000000
3853,2000000
3854,30
3855,1600000
3856,30
3857,9700000
3858,10
3859,13000000
3860,23000000
3861,20000000
3862,16000000
3863,13000000
3864,25000
3865,36000000
3866,18
3867,30
3868,11000000
3869,60000000
3870,110000000
3871,102000000
3872,4100000
3873,23000000
3874,25
3875,1749201
3876,2500000
3877,2300000
3878,14000000
3879,102000000
3880,10400000
3881,1100000
3882,20000000
3883,25000
3884,12000000
3885,62000000
3886,110000000
3887,2200000
3888,6000000
3889,4600000
3890,6700000
3891,7000000
3892,76000000
3893,102000000
3894,7900000
3895,21000000
3896,97552050
3897,10000000
3898,18
3899,7900000
3900,4000000
3901,2500000
3902,25
3903,1600000
3904,17000000
3905,4600000
3906,1400000
3907,10000000
3908,10000000
3909,10000000
3910,6000000
3911,11000000
3912,32222567
3913,12
3914,21000000
3915,60000000
3916,10
3917,9700000
3918,7900000
3919,110000000
3920,2300000
3921,5000000
3922,23000000
3923,18000000
3924,7900000
3925,102000000
3926,1100000
3927,102000000
3928,102000000
3929,1000000
3930,1100000
3931,21000000
3932,10000000
3933,23000000
3934,100000000
3935,1
3936,6000000
3937,7000000
3938,7500000
3939,52293982
3940,36000000
3941,3100000
3942,14000000
3943,102000000
3944,25000000
3945,7800000
3946,6000000
3947,110000000
3948,11000000
3949,10000000
3950,6700000
3951,3000000
3952,12000000
3953,73762516
3954,102000000
3955,8
3956,105200903
3957,18
3958,10000000
3959,13000000
3960,11000000
3961,12000000
3962,10000000
3963,1500000
3964,17000000
3965,17000000
3966,4600000
3967,102000000
3968,12000000
3969,11000000
3970,7500000
3971,17000000
3972,8
3973,12
3974,1100000
3975,62000000
3976,37279439
3977,17000000
3978,12
3979,11000000
3980,8000000
3981,64110728
3982,3000000
3983,6700000
3984,30
3985,1000000
3986,60000000
3987,170877916
3988,15000000
3989,2000000
3990,21000000
3991,17000000
3992,6700000
3993,12000000
3994,18
3995,13000000
3996,13000000
3997,76000000
3998,12
3999,20000000
4000,110000000
4001,17000000
4002,62000000
4003,25000
4004,100000000
4005,500000
4006,30
4007,6000000
4008,7500000
4009,33000000
4010,18000000
4011,47000000
4012,12
4013,36000000
4014,11000000
4015,76000000
4016,8000000
4017,3878993
4018,8500000
4019,102000000
4020,36000000
4021,63327201
4022,9500000
4023,102000000
4024,11000000
4025,7800000
4026,21000000
4027,6700000
4028,13000000
4029,8
4030,7900000
4031,6500000
4032,1600000
4033,25
4034,8000000
4035,12
4036,5000000
4037,17000000
4038,11000000
4039,13000000
4040,4600000
4041,25
4042,30
4043,18000000
4044,102000000
4045,21000000
4046,7800000
4047,62000000
4048,6700000
4049,1000000
4050,1600000
4051,60000000
4052,1500000
4053,10000000
4054,3
4055,23000000
4056,7500000
4057,25
4058,1300000
4059,6000000
4060,30
4061,100000000
4062,12000000
4063,102000000
4064,60000000
4065,102000000
4066,20000000
4067,17000000
4068,5000000
4069,4000000
4070,500000
4071,8
4072,7000000
4073,6700000
4074,10000000
4075,2200000
4076,60000000
4077,10400000
4078,30
4079,102000000
4080,10
4081,11000000
4082,110000000
4083,21000000
4084,8
4085,18000000
4086,102000000
4087,23000000
4088,13000000
4089,14000000
4090,1000000
4091,23000000
4092,3100000
4093,1400000
4094,4000000
4095,60000000
4096,6000000
4097,12000000
4098,14000000
4099,11000000
4100,62000000
4101,18
4102,4600000
4103,110000000
4104,20000000
4105,6000000
4106,9500000
4107,8
4108,12000000
4109,1400000
4110,10000000
4111,3200000
4112,7900000
4113,30
4114,9000000
4115,10000000
4116,23000000
4117,25000000
4118,33000000
4119,12000000
4120,7000000
4121,5000000
4122,110000000
4123,25000
4124,12
4125,1400000
4126,21000000
4127,20000000
4128,11000000
4129,7000000
4130,8000000
4131,14000000
4132,1400000
4133,12
4134,1500000
4135,13000000
4136,6500000
4137,4100000
4138,110000000
4139,9000000
4140,1000000
4141,2600000
4142,2300000
4143,100000000
4144,1400000
4145,17000000
4146,4100000
4147,1000000
4148,7500000
4149,13000000
4150,6700000
4151,6000000
4152,12
4153,2200000
4154,5900000
4155,9000000
4156,10000000
4157,1000000
4158,102000000
4159,13000000
4160,110000000
4161,1400000
4162,1400000
4163,7800000
4164,2000000
4165,6000000
4166,7000000
4167,6500000
4168,16000000
4169,5000000
4170,7000000
4171,14000000
4172,25000
4173,6000000
4174,4100000
4175,500000
4176,100000000
4177,7000000
4178,102000000
4179,7800000
4180,102000000
4181,6800000
4182,3200000
4183,9000000
4184,6800000
4185,18
4186,17000000
4187,7900000
4188,100000000
4189,5000000
4190,5000000
4191,7000000
4192,1000000
4193,102000000
4194,1400000
4195,1
4196,13000000
4197,7800000
4198,500000
4199,10000000
4200,110000000
4201,60000000
4202,1000000
4203,14000000
4204,4600000
4205,9500000
4206,25000000
4207,102000000
4208,102000000
4209,15000000
4210,13000000
4211,12000000
4212,102000000
4213,7500000
4214,20000000
4215,36000000
4216,4000000
4217,62000000
4218,12000000
4219,13000000
4220,33000000
4221,25000
4222,6000000
4223,7000000
4224,36000000
4225,2000000
4226,7900000
4227,11000000
4228,6000000
4229,4300000
4230,12
4231,2300000
4232,14000000
4233,18
4234,6500000
4235,3
4236,20000000
4237,1400000
4238,100000000
4239,100000000
4240,18000000
4241,11000000
4242,100
4243,20000000
4244,102000000
4245,4000000
4246,1600000
4247,12
4248,12000000
4249,47000000
4250,12000000
4251,10000000
4252,6500000
4253,110000000
4254,21000000
4255,100000000
4256,102000000
4257,102000000
4258,12
4259,1
4260,33000000
4261,7500000
4262,4600000
4263,9000000
4264,102000000
4265,6000000
4266,1600000
4267,9000000
4268,7000000
4269,5000000
4270,102000000
4271,33000000
4272,5000000
4273,9700000
4274,12000000
4275,1600000
4276,1400000
4277,2295423
4278,1
4279,4100000
4280,10
4281,13000000
4282,1100000
4283,25
4284,5900000
4285,8000000
4286,110000000
4287,2000000
4288,102000000
4289,60000000
4290,6500000
4291,6000000
4292,20000000
4293,13000000
4294,13000000
4295,10000000
4296,23000000
4297,18
4298,10000000
4299,12
4300,12000000
4301,6000000
4302,8
4303,16000000
4304,7800000
4305,7500000
4306,6700000
4307,1100000
4308,11000000
4309,6500000
4310,4300000
4311,100
4312,23000000
4313,10400000
4314,1400000
4315,13000000
4316,102000000
4317,8000000
4318,13000000
4319,1100000
4320,1
4321,12
4322,1000000
4323,10400000
4324,9500000
4325,2500000
4326,4300000
4327,12000000
4328,7800000
4329,8
4330,60000000
4331,102000000
4332,12
4333,10
4334,8000000
4335,12
4336,100000000
4337,1100000
4338,102000000
4339,47000000
4340,2000000
4341,6000000
4342,7800000
4343,10000000
4344,25000000
4345,11000000
4346,13000000
4347,18
4348,10
4349,110000000
4350,36000000
4351,110000000
4352,2500000
4353,62000000
4354,12
4355,2000000
4356,10000000
4357,21000000
4358,18000000
4359,6700000
4360,110000000
4361,102000000
4362,9600000
4363,14000000
4364,1400000
4365,10000000
4366,12000000
4367,6800000
4368,30
4369,23000000
4370,102000000
4371,4000000
4372,21000000
4373,17000000
4374,6000000
4375,10000000
4376,25
4377,1600000
4378,20000000
4379,21000000
4380,25000000
4381,18000000
4382,60000000
4383,102000000
4384,23000000
4385,36000000
4386,102000000
4387,21000000
4388,21000000
4389,102000000
4390,10000000
4391,5000000
4392,12
4393,10400000
4394,4100000
4395,10
4396,102000000
4397,20000000
4398,102000000
4399,6500000
4400,12000000
4401,10000000
4402,2000000
4403,4600000
4404,33000000
4405,36000000
4406,8
4407,6700000
4408,8000000
4409,6000000
4410,7500000
4411,18
4412,12
4413,100000000
4414,25
4415,1
4416,8000000
4417,6000000
4418,5900000
4419,13000000
4420,36000000
4421,1000000
4422,10000000
4423,6000000
4424,1
4425,1300000
4426,1600000
4427,3342697
4428,143000
4429,4100000
4430,10
4431,100
4432,110000000
4433,102000000
4434,110000000
4435,11000000
4436,5000000
4437,9500000
4438,6000000
4439,6700000
4440,10000000
4441,100000000
4442,6000000
4443,3
4444,3200000
4445,11000000
4446,4000000
4447,17000000
4448,7000000
4449,18
4450,102000000
4451,102000000
4452,1400000
4453,6000000
4454,17000000
4455,11000000
4456,23000000
4457,7000000
4458,5000000
4459,10000000
4460,1
4461,12000000
4462,12
4463,2000000
4464,20000000
4465,6700000
4466,6000000
4467,1300000
4468,36000000
4469,7900000
4470,110000000
4471,5000000
4472,102000000
4473,36000000
4474,4300000
4475,20000000
4476,25
4477,1500000
4478,11000000
4479,7800000
4480,15000000
4481,500000
4482,6000000
4483,2500000
4484,36000000
4485,12000000
4486,6500000
4487,17000000
4488,12
4489,13000000
4490,3
4491,15000000
4492,13000000
4493,10000000
4494,1500000
4495,18000000
4496,1400000
4497,30
4498,62000000
4499,1600000
4500,100000000
4501,60000000
4502,6500000
4503,62000000
4504,6000000
4505,3
4506,33000000
4507,500000
4508,17000000
4509,10
4510,33000000
4511,12
4512,5900000
4513,11000000
4514,30
4515,102000000
4516,6000000
4517,4001121
4518,102000000
4519,10000000
4520,33000000
4521,2200000
4522,110000000
4523,7500000
4524,11000000
4525,3200000
4526,76000000
4527,7000000
4528,1600000
4529,1600000
4530,33000000
4531,9600000
4532,4100000
4533,11582891
4534,25
4535,6700000
4536,18
4537,10000000
4538,21000000
4539,25
4540,100000000
4541,8
4542,7800000
4543,102000000
4544,25
4545,25
4546,33000000
4547,1000000
4548,1600000
4549,11000000
4550,13000000
4551,60000000
4552,15000000
4553,76000000
4554,110000000
4555,25000
4556,110000000
4557,11000000
4558,2000000
4559,10000000
4560,12000000
4561,1500000
4562,17000000
4563,18
4564,3
4565,9500000
4566,9000000
4567,30
4568,11000000
4569,9000000
4570,110000000
4571,21000000
4572,30
4573,100000000
4574,6000000
4575,3200000
4576,21000000
4577,10
4578,6500000
4579,1600000
4580,2300000
4581,12000000
4582,6800000
4583,102000000
4584,1600000
4585,12
4586,10
4587,7800000
4588,4600000
4589,10
4590,62000000
4591,12000000
4592,6000000
4593,47000000
4594,2300000
4595,110000000
4596,76000000
4597,10400000
4598,60000000
4599,11000000
4600,20000000
4601,33000000
4602,14000000
4603,12
4604,20000000
4605,23000000
4606,12000000
4607,21000000
4608,10000000
4609,12
4610,6000000
4611,5000000
4612,9000000
4613,10000000
4614,20000000
4615,2200000
4616,1000000
4617,9500000
4618,76000000
4619,11000000
4620,500000
4621,110000000
4622,6000000
4623,11000000
4624,1
4625,18000000
4626,7900000
4627,10000000
4628,1
4629,3100000
4630,4300000
4631,6500000
4632,3200000
4633,11000000
4634,9700000
4635,10
4636,11000000
4637,6000000
4638,4100000
4639,16000000
4640,23000000
4641,10000000
4642,4000000
4643,102000000
4644,47000000
4645,2500000
4646,7900000
4647,10000000
4648,36000000
4649,100000000
4650,12000000
4651,100000000
4652,10
4653,3200000
4654,12
4655,13000000
4656,11000000
4657,1
4658,3200000
4659,8
4660,100
4661,14000000
4662,1
4663,1000000
4664,5000000
4665,12000000
4666,12
4667,102000000
4668,11000000
4669,1000000
4670,7900000
4671,7000000
4672,5000000
4673,15000000
4674,11000000
4675,7500000
4676,7000000
4677,1100000
4678,2000000
4679,25000
4680,5000000
4681,21000000
4682,11000000
4683,47000000
4684,8
4685,33000000
4686,17000000
4687,17000000
4688,102000000
4689,9700000
4690,7000000
4691,1500000
4692,9500000
4693,4000000
4694,36000000
4695,12
4696,18
4697,102000000
4698,18
4699,33000000
4700,18
4701,13000000
4702,6000000
4703,2500000
4704,1400000
4705,1400000
4706,102000000
4707,12
4708,18
4709,1
4710,36000000
4711,7800000
4712,10000000
4713,102000000
4714,33000000
4715,1100000
4716,17000000
4717,1500000
4718,33000000
4719,14000000
4720,7000000
4721,25000000
4722,12
4723,500000
4724,60000000
4725,21000000
4726,9500000
4727,30
4728,2000000
4729,60000000
4730,8
4731,2000000
4732,60000000
4733,25000
4734,102000000
4735,2300000
4736,4300000
4737,9000000
4738,10
4739,7800000
4740,102000000
4741,1000000
4742,33000000
4743,10000000
4744,1100000
4745,110000000
4746,12000000
4747,11000000
4748,13000000
4749,1500000
4750,1100000
4751,21000000
4752,30
4753,12000000
4754,76000000
4755,4300000
4756,9000000
4757,13000000
4758,102000000
4759,15000000
4760,4300000
4761,2000000
4762,10000000
4763,1100000
4764,60000000
4765,47000000
4766,37279439
4767,21000000
4768,76000000
4769,12000000
4770,102000000
4771,1500000
4772,11000000
4773,2300000
4774,1400000
4775,11000000
4776,3200000
4777,102000000
4778,60000000
4779,10000000
4780,170877916
4781,9500000
4782,102000000
4783,23000000
4784,10000000
4785,2000000
4786,1500000
4787,102000000
4788,2000000
4789,7900000
4790,6500000
4791,3
4792,1
4793,14000000
4794,76000000
4795,9500000
4796,13000000
4797,60000000
4798,18
4799,25000000
4800,33000000
4801,4100000
4802,110000000
4803,1500000
4804,1000000
4805,10000000
4806,25000
4807,10000000
4808,8
4809,15000000
4810,25000
4811,10
4812,1000000
4813,100000000
4814,7000000
4815,18
4816,7500000
4817,6000000
4818,12000000
4819,6000000
4820,60000000
4821,6000000
4822,8
4823,4300000
4824,2000000
4825,1400000
4826,8
4827,4600000
4828,30
4829,2000000
4830,4600000
4831,23000000
4832,62000000
4833,18
4834,10
4835,5000000
4836,10000000
4837,33000000
4838,1400000
4839,25
4840,110000000
4841,6000000
4842,3
4843,102000000
4844,10000000
4845,33000000
4846,8500000
4847,110000000
4848,6800000
4849,12000000
4850,1
4851,25
4852,500000
4853,17000000
4854,10000000
4855,102000000
4856,10
4857,12000000
4858,62000000
4859,8000000
4860,102000000
4861,62000000
4862,9000000
4863,60000000
4864,12000000
4865,100000000
4866,20000000
4867,60000000
4868,16000000
4869,25
4870,14000000
4871,110000000
4872,9700000
4873,4300000
4874,2500000
4875,1400000
4876,18
4877,12
4878,1100000
4879,7000000
4880,10000000
4881,20000000
4882,102000000
4883,60000000
4884,13000000
4885,10000000
4886,10400000
4887,6000000
4888,11000000
4889,9000000
4890,102000000
4891,3
4892,9000000
4893,12
4894,4600000
4895,36000000
4896,6800000
4897,7500000
4898,4000000
4899,21000000
4900,7000000
4901,12000000
4902,102000000
4903,1
4904,102000000
4905,7500000
4906,25000
4907,102000000
4908,1500000
4909,6500000
4910,2300000
4911,13000000
4912,12000000
4913,47000000
4914,100000000
4915,7000000
4916,8
4917,10000000
4918,6700000
4919,10000000
4920,11000000
4921,18000000
4922,13000000
4923,7800000
4924,12000000
4925,12000000
4926,1000000
4927,14000000
4928,110000000
4929,1100000
4930,7000000
4931,102000000
4932,20000000
4933,10400000
4934,11000000
4935,36000000
4936,5000000
4937,8000000
4938,1400000
4939,11000000
4940,10000000
4941,110000000
4942,8000000
4943,9000000
4944,60000000
4945,3200000
4946,4100000
4947,10000000
4948,2500000
4949,7000000
4950,12000000
4951,15000000
4952,4600000
4953,36000000
4954,62000000
4955,17000000
4956,1600000
4957,23000000
4958,13000000
4959,3
4960,1500000
4961,6500000
4962,9700000
4963,62000000
4964,6500000
4965,6000000
4966,23000000
4967,13000000
4968,100000000
4969,1
4970,25
4971,100000000
4972,6500000
4973,9600000
4974,110000000
4975,8
4976,973525
4977,15000000
4978,20000000
4979,7800000
4980,1500000
4981,8
4982,13000000
4983,1
4984,2000000
4985,102000000
4986,25000000
4987,10000000
4988,5249225
4989,6700000
4990,6500000
4991,47000000
4992,110000000
4993,10000000
4994,33000000
4995,25000
4996,7900000
4997,12
4998,36000000
4999,12
5000,60000000
5001,7900000
5002,102000000
5003,25000000
5004,21000000
5005,7900000
5006,7900000
5007,12
5008,7000000
5009,11000000
5010,5000000
5011,10000000
5012,30
5013,6000000
5014,13000000
5015,15000000
5016,60000000
5017,7800000
5018,14000000
5019,12000000
5020,8
5021,1100000
5022,10400000
5023,7800000
5024,17000000
5025,47000000
5026,12
5027,100000000
5028,33000000
5029,8000000
5030,2200000
5031,76000000
5032,102000000
5033,110000000
5034,11000000
5035,6000000
5036,6000000
5037,6500000
5038,6500000
5039,7800000
5040,25000000
5041,1500000
5042,9500000
5043,100000000
5044,18000000
5045,25000
5046,3200000
5047,9000000
5048,10
5049,4600000
5050,1300000
5051,6500000
5052,10400000
5053,12000000
5054,12
5055,16000000
5056,10000000
5057,10000000
5058,1000000
5059,7900000
5060,62000000
5061,12000000
5062,10000000
5063,17000000
5064,6500000
5065,7500000
5066,13000000
5067,6500000
5068,3000000
5069,102000000
5070,36000000
5071,4300000
5072,15000000
5073,30
5074,11000000
5075,15000000
5076,23000000
5077,13000000
5078,10000000
5079,18000000
5080,110000000
5081,30
5082,2000000
5083,33000000
5084,12000000
5085,7800000
5086,11000000
5087,11000000
5088,10
5089,1600000
5090,7900000
5091,23000000
5092,110000000
5093,102000000
5094,110000000
5095,102000000
5096,2300000
5097,6000000
5098,3
5099,5900000
5100,6700000
5101,7000000
5102,1
5103,500000
5104,18000000
5105,21000000
5106,3100000
5107,9500000
5108,12
5109,25000
5110,11000000
5111,9000000
5112,6700000
5113,7000000
5114,4300000
5115,110000000
5116,11000000
5117,13000000
5118,60000000
5119,10000000
5120,1100000
5121,18000000
5122,18000000
5123,9500000
5124,33000000
5125,10000000
5126,2000000
5127,7500000
5128,6000000
5129,17000000
5130,12
5131,18
5132,12000000
5133,6000000
5134,12
5135,102000000
5136,17000000
5137,110000000
5138,17000000
5139,76000000
5140,60000000
5141,60000000
5142,102000000
5143,7900000
5144,10400000
5145,3200000
5146,6000000
5147,11000000
5148,9700000
5149,1600000
5150,6500000
5151,102000000
5152,76000000
5153,10000000
5154,12000000
5155,10000000
5156,102000000
5157,13000000
5158,7500000
5159,110000000
5160,20000000
5161,5000000
5162,102000000
5163,13000000
5164,1600000
5165,12000000
5166,18
5167,18
5168,18000000
5169,11000000
5170,2500000
5171,102000000
5172,7000000
5173,15000000
5174,12
5175,10000000
5176,11000000
5177,12000000
5178,102000000
5179,10000000
5180,1400000
5181,6000000
5182,12000000
5183,4600000
5184,16000000
5185,10000000
5186,3
5187,4100000
5188,8
5189,1400000
5190,10000000
5191,10000000
5192,100000000
5193,100000000
5194,12
5195,15000000
5196,18
5197,500000
5198,4100000
5199,10000000
5200,9600000
5201,6000000
5202,5000000
5203,2500000
5204,25000
5205,12000000
5206,25000000
5207,8
5208,1
5209,102000000
5210,100000000
5211,6000000
5212,9000000
5213,12
5214,1000000
5215,6000000
5216,7900000
5217,8
5218,6000000
5219,10000000
5220,12
5221,10000000
5222,20000000
5223,11000000
5224,10000000
5225,6000000
5226,9000000
5227,17000000
5228,36000000
5229,9000000
5230,7000000
5231,100
5232,25
5233,14000000
5234,100000000
5235,21000000
5236,102000000
5237,4600000
5238,2200000
5239,7000000
5240,6800000
5241,6500000
5242,2000000
5243,10400000
5244,102000000
5245,25
5246,6000000
5247,163670000
5248,10000000
5249,12
5250,102000000
5251,1100000
5252,6000000
5253,10000000
5254,4300000
5255,100000000
5256,14000000
5257,5000000
5258,7800000
5259,30
5260,20000000
5261,18
5262,4600000
5263,10000000
5264,9700000
5265,20000000
5266,10400000
5267,9700000
5268,4000000
5269,60000000
5270,100000000
5271,16000000
5272,13000000
5273,25
5274,60000000
5275,10000000
5276,30
5277,6700000
5278,2000000
5279,47000000
5280,7000000
5281,33000000
5282,3000000
5283,25
5284,9500000
5285,12000000
5286,9500000
5287,20000000
5288,14000000
5289,20000000
5290,23000000
5291,60000000
5292,102000000
5293,102000000
5294,6000000
5295,102000000
5296,6000000
5297,4600000
5298,102000000
5299,1000000
5300,7000000
5301,1500000
5302,110000000
5303,13000000
5304,6700000
5305,5900000
5306,13000000
5307,7900000
5308,1000000
5309,1100000
5310,21000000
5311,6000000
5312,12
5313,102000000
5314,13000000
5315,13000000
5316,21000000
5317,20000000
5318,6000000
5319,1500000
5320,10000000
5321,11301649
5322,20000000
5323,13000000
5324,6700000
5325,7000000
5326,18000000
5327,102000000
5328,7900000
5329,10000000
5330,102000000
5331,5000000
5332,9700000
5333,100000000
5334,100000000
5335,11000000
5336,7000000
5337,8
5338,6700000
5339,7900000
5340,9500000
5341,60000000
5342,102000000
5343,12000000
5344,15000000
5345,6000000
5346,2000000
5347,1300000
5348,7900000
5349,7000000
5350,6000000
5351,1000000
5352,5900000
5353,20000000
5354,12
5355,13000000
5356,1400000
5357,11000000
5358,5000000
5359,7500000
5360,102000000
5361,10
5362,20000000
5363,100000000
5364,2500000
5365,105200903
5366,102000000
5367,21000000
5368,100000000
5369,60000000
5370,30
5371,12
5372,102000000
5373,7500000
5374,7800000
5375,7800000
5376,23000000
5377,5900000
5378,6000000
5379,2600000
5380,29541790
5381,13000000
5382,13000000
5383,2500000
5384,7800000
5385,102000000
5386,10000000
5387,18000000
5388,102000000
5389,11000000
5390,1100000
5391,1400000
5392,7000000
5393,7000000
5394,36000000
5395,36000000
5396,12000000
5397,47000000
5398,23000000
5399,13000000
5400,5000000
5401,14000000
5402,102000000
5403,11000000
5404,25000
5405,2000000
5406,14000000
5407,102000000
5408,60000000
5409,15000000
5410,7500000
5411,1400000
5412,17000000
5413,7800000
5414,3100000
5415,18000000
5416,9700000
5417,102000000
5418,1000000
5419,25000
5420,4300000
5421,1100000
5422,30
5423,6700000
5424,102000000
5425,6700000
5426,1500000
5427,36000000
5428,500000
5429,100000000
5430,110000000
5431,76000000
5432,10400000
5433,25000000
5434,14000000
5435,11000000
5436,3878993
5437,12000000
5438,500000
5439,10000000
5440,11000000
5441,2500000
5442,102000000
5443,18000000
5444,21000000
5445,100000000
5446,110000000
5447,6000000
5448,12
5449,18000000
5450,1600000
5451,11000000
5452,25
5453,102000000
5454,2500000
5455,12000000
5456,10400000
5457,102000000
5458,5000000
5459,1400000
5460,500000
5461,9700000
5462,2500000
5463,60000000
5464,100
5465,1500000
5466,12
5467,12000000
5468,6500000
5469,1
5470,6500000
5471,60000000
5472,12
5473,2000000
5474,56000000
5475,10000000
5476,15000000
5477,2500000
5478,2200000
5479,102000000
5480,2000000
5481,7800000
5482,21000000
5483,7000000
5484,13000000
5485,3200000
5486,1000000
5487,60000000
5488,110000000
5489,1100000
5490,8
5491,6500000
5492,17000000
5493,4100000
5494,25
5495,2300000
5496,4000000
5497,12000000
5498,1
5499,21000000
5500,14000000
5501,7000000
5502,1
5503,9000000
5504,6000000
5505,10000000
5506,100000000
5507,13000000
5508,102000000
5509,47000000
5510,4000000
5511,558000
5512,62000000
5513,3000000
5514,12000000
5515,2000000
5516,1600000
5517,1100000
5518,4600000
5519,6500000
5520,1000000
5521,2000000
5522,10
5523,62000000
5524,60000000
5525,11000000
5526,7500000
5527,25
5528,60000000
5529,3
5530,102000000
5531,25
5532,10000000
5533,62000000
5534,4000000
5535,500000
5536,11000000
5537,11000000
5538,10000000
5539,102000000
5540,33000000
5541,1500000
5542,76000000
5543,1100000
5544,1500000
5545,6000000
5546,11000000
5547,14000000
5548,10000000
5549,1100000
5550,12
5551,16000000
5552,4600000
5553,12000000
5554,1600000
5555,5000000
5556,13000000
5557,500000
5558,62000000
5559,25000
5560,25
5561,2000000
5562,7000000
5563,10
5564,10000000
5565,6000000
5566,12000000
5567,10000000
5568,4600000
5569,4600000
5570,20000000
5571,102000000
5572,6000000
5573,110000000
5574,11000000
5575,13000000
5576,12000000
5577,110000000
5578,6000000
5579,2000000
5580,2500000
5581,76000000
5582,4100000
5583,10000000
5584,7900000
5585,12
5586,10000000
5587,10000000
5588,7900000
5589,14000000
5590,20000000
5591,1
5592,10000000
5593,7500000
5594,7500000
5595,13000000
5596,102000000
5597,1400000
5598,13000000
5599,9600000
5600,1400000
5601,12
5602,13000000
5603,10
5604,11000000
5605,102000000
5606,4300000
5607,62000000
5608,13000000
5609,1400000
5610,17000000
5611,60000000
5612,6500000
5613,7000000
5614,17000000
5615,6500000
5616,4300000
5617,102000000
5618,13000000
5619,7800000
5620,500000
5621,12000000
5622,20000000
5623,33000000
5624,10400000
5625,13000000
5626,10000000
5627,76000000
5628,23000000
5629,102000000
5630,11000000
5631,6700000
5632,12000000
5633,18000000
5634,1100000
5635,17000000
5636,100
5637,9500000
5638,6000000
5639,9500000
5640,9500000
5641,132511035
5642,7500000
5643,5000000
5644,60000000
5645,62000000
5646,18000000
5647,4600000
5648,4300000
5649,9000000
5650,9700000
5651,12
5652,7000000
5653,6800000
5654,12000000
5655,4600000
5656,62000000
5657,1000000
5658,1
5659,110000000
5660,110000000
5661,5000000
5662,60000000
5663,1000000
5664,13000000
5665,33000000
5666,12000000
5667,12000000
5668,25000
5669,17000000
5670,62000000
5671,2000000
5672,5900000
5673,12000000
5674,14000000
5675,500000
5676,6700000
5677,60000000
5678,6500000
5679,6000000
5680,9500000
5681,110000000
5682,20000000
5683,60000000
5684,6700000
5685,30
5686,25
5687,6500000
5688,9000000
5689,11000000
5690,10400000
5691,110000000
5692,102000000
5693,21000000
5694,9000000
5695,10000000
5696,12000000
5697,10
5698,18000000
5699,2500000
5700,7900000
5701,12000000
5702,10400000
5703,12
5704,4300000
5705,17000000
5706,10000000
5707,18
5708,1000000
5709,18
5710,5000000
5711,500000
5712,60000000
5713,10400000
5714,4300000
5715,5900000
5716,25
5717,18
5718,2000000
5719,33000000
5720,23000000
5721,36000000
5722,4000000
5723,110000000
5724,10000000
5725,1400000
5726,18
5727,102000000
5728,11000000
5729,102000000
5730,17804565
5731,1000000
5732,4300000
5733,102000000
5734,12
5735,25000
5736,100000000
5737,110000000
5738,110000000
5739,76000000
5740,62000000
5741,7800000
5742,12000000
5743,12000000
5744,1600000
5745,7500000
5746,13000000
5747,4300000
5748,126248813
5749,10000000
5750,7800000
5751,4600000
5752,7500000
5753,62000000
5754,15000000
5755,13000000
5756,23000000
5757,4100000
5758,25000
5759,1400000
5760,5000000
5761,1600000
5762,102000000
5763,12000000
5764,10000000
5765,1400000
5766,12000000
5767,23000000
5768,7900000
5769,18000000
5770,23000000
5771,23000000
5772,30
5773,102000000
5774,30
5775,14000000
5776,25
5777,9700000
5778,60000000
5779,15000000
5780,9500000
5781,18000000
5782,10000000
5783,12000000
5784,6000000
5785,9000000
5786,12000000
5787,60000000
5788,7800000
5789,23550000
5790,102000000
5791,102000000
5792,1500000
5793,10000000
5794,12
5795,251171807
5796,13000000
5797,12000000
5798,6700000
5799,60000000
5800,3100000
5801,17000000
5802,18
5803,20000000
5804,60000000
5805,5900000
5806,10000000
5807,21000000
5808,12000000
5809,6000000
5810,5000000
5811,10000000
5812,30
5813,12000000
5814,1400000
5815,11000000
5816,1400000
5817,5900000
5818,4300000
5819,15000000
5820,10000000
5821,25
5822,6000000
5823,33000000
5824,62000000
5825,30
5826,1500000
5827,18000000
5828,62000000
5829,14000000
5830,12
5831,25000000
5832,6700000
5833,62000000
5834,3
5835,1
5836,12
5837,21000000
5838,8000000
5839,15000000
5840,1600000
5841,110000000
5842,1100000
5843,20000000
5844,5000000
5845,5000000
5846,10000000
5847,435000000
5848,30
5849,25000
5850,18
5851,11000000
5852,4300000
5853,100000000
5854,10000000
5855,8500000
5856,2000000
5857,6500000
5858,1600000
5859,7800000
5860,110000000
5861,1100000
5862,20000000
5863,60000000
5864,60000000
5865,17000000
5866,2000000
5867,8
5868,18000000
5869,6000000
5870,100
5871,102000000
5872,60000000
5873,76000000
5874,1
5875,17000000
5876,110000000
5877,25000
5878,12000000
5879,107559
5880,6000000
5881,1400000
5882,110000000
5883,7000000
5884,7936012
5885,1400000
5886,2000000
5887,1100000
5888,10400000
5889,6000000
5890,20000000
5891,11000000
5892,12000000
5893,10
5894,4000000
5895,12000000
5896,30
5897,100
5898,12
5899,6000000
5900,8000000
5901,1000000
5902,1100000
5903,10400000
5904,11000000
5905,110000000
5906,33000000
5907,11000000
5908,2300000
5909,14000000
5910,5900000
5911,4000000
5912,102000000
5913,13000000
5914,47000000
5915,16000000
5916,4100000
5917,102000000
5918,18
5919,11000000
5920,1000000
5921,62000000
5922,1100000
5923,10000000
5924,23000000
5925,6500000
5926,10000000
5927,9700000
5928,10
5929,7000000
5930,1400000
5931,13000000
5932,7000000
5933,7900000
5934,7900000
5935,25000
5936,20000000
5937,7900000
5938,25000
5939,9700000
5940,33000000
5941,10000000
5942,6500000
5943,9500000
5944,7000000
5945,10000000
5946,1600000
5947,1000000
5948,20000000
5949,1600000
5950,102000000
5951,1000000
5952,500000
5953,12000000
5954,4100000
5955,13000000
5956,3100000
5957,12000000
5958,6000000
5959,18
5960,1
5961,3100000
5962,20000000
5963,12000000
5964,12
5965,6000000
5966,11000000
5967,13000000
5968,11000000
5969,1400000
5970,2300000
5971,11000000
5972,17000000
5973,21000000
5974,20000000
5975,7500000
5976,2500000
5977,10
5978,21000000
5979,13000000
5980,102000000
5981,7800000
5982,12000000
5983,30
5984,6000000
5985,110000000
5986,9500000
5987,11000000
5988,6500000
5989,10000000
5990,13000000
5991,30
5992,36160375
5993,102000000
5994,10000000
5995,1400000
5996,75993061
5997,100000000
5998,6500000
5999,1300000
6000,7800000
6001,10000000
6002,25000000
6003,62000000
6004,9000000
6005,9500000
6006,36000000
6007,6000000
6008,3000000
6009,102000000
6010,11000000
6011,33000000
6012,17000000
6013,23000000
6014,10000000
6015,6000000
6016,10000000
6017,10
6018,4600000
6019,25000
6020,10000000
6021,110000000
6022,3200000
6023,1100000
6024,7000000
6025,8
6026,102000000
6027,1500000
6028,102000000
6029,36000000
6030,102000000
6031,12
6032,1000000
6033,110000000
6034,1400000
6035,60000000
6036,13000000
6037,3
6038,25000
6039,5000000
6040,12000000
6041,102000000
6042,102000000
6043,102000000
6044,1100000
6045,11000000
6046,3
6047,30
6048,47000000
6049,4100000
6050,8000000
6051,2500000
6052,17000000
6053,1000000
6054,8500000
6055,8000000
6056,23000000
6057,10000000
6058,20000000
6059,60000000
6060,15000000
6061,8000000
6062,9700000
6063,2106557
6064,25
6065,36000000
6066,12000000
6067,3000000
6068,500000
6069,60000000
6070,102000000
6071,9500000
6072,2300000
6073,10400000
6074,10000000
6075,1100000
6076,102000000
6077,10000000
6078,18000000
6079,7900000
6080,4300000
6081,500000
6082,1500000
6083,102000000
6084,13000000
6085,6000000
6086,4100000
6087,110000000
6088,1600000
6089,6000000
6090,102000000
6091,1300000
6092,6000000
6093,10000000
6094,6700000
6095,12
6096,1500000
6097,10000000
6098,1400000
6099,10000000
6100,12000000
6101,15000000
6102,5989640
6103,60000000
6104,36000000
6105,20000000
6106,21000000
6107,10
6108,62000000
6109,3
6110,33000000
6111,2500000
6112,1100000
6113,18
6114,33000000
6115,7900000
6116,9500000
6117,6000000
6118,12000000
6119,1100000
6120,18000000
6121,9000000
6122,60000000
6123,500000
6124,76000000
6125,10000000
6126,25000000
6127,5000000
6128,102000000
6129,10000000
6130,25000
6131,6000000
6132,10
6133,33000000
6134,123384128
6135,100000000
6136,60000000
6137,7900000
6138,11000000
6139,10000000
6140,16000000
6141,7000000
6142,8000000
6143,1100000
6144,4300000
6145,9500000
6146,25000
6147,1100000
6148,12000000
6149,7000000
6150,102000000
6151,4600000
6152,60000000
6153,4000000
6154,6000000
6155,110000000
6156,6000000
6157,7800000
6158,4600000
6159,10000000
6160,47000000
6161,12
6162,3000000
6163,1
6164,1000000
6165,4600000
6166,12000000
6167,3000000
6168,7500000
6169,12
6170,1400000
6171,17000000
6172,5000000
6173,14000000
6174,7000000
6175,9000000
6176,11000000
6177,62000000
6178,20000000
6179,3100000
6180,110000000
6181,6000000
6182,15000000
6183,12000000
6184,62000000
6185,110000000
6186,10000000
6187,11000000
6188,12000000
6189,6000000
6190,6500000
6191,1100000
6192,4600000
6193,13000000
6194,8500000
6195,4300000
6196,20000000
6197,5900000
6198,33000000
6199,102000000
6200,9500000
6201,25000000
6202,33000000
6203,102000000
6204,7000000
6205,6000000
6206,12000000
6207,110000000
6208,14000000
6209,1000000
6210,12000000
6211,21000000
6212,4300000
6213,18
6214,20000000
6215,18000000
6216,100000000
6217,7800000
6218,10000000
6219,2300000
6220,3200000
6221,4600000
6222,8000000
6223,14000000
6224,21000000
6225,18000000
6226,8
6227,6000000
6228,1000000
6229,11000000
6230,13000000
6231,10000000
6232,4600000
6233,33000000
6234,12000000
6235,100000000
6236,4100000
6237,11000000
6238,1100000
6239,14000000
6240,7400000
6241,20000000
6242,5000000
6243,17000000
6244,30
6245,10000000
6246,18000000
6247,62000000
6248,7800000
6249,47000000
6250,102000000
6251,100000000
6252,9000000
6253,11000000
6254,102000000
6255,7000000
6256,7900000
6257,6000000
6258,7000000
6259,1300000
6260,1100000
6261,7800000
6262,18
6263,10000000
6264,25000000
6265,10000000
6266,17000000
6267,18
6268,1100000
6269,13000000
6270,110000000
6271,4000000
6272,2300000
6273,6700000
6274,102000000
6275,4300000
6276,2000000
6277,11000000
6278,7800000
6279,5000000
6280,20000000
6281,5000000
6282,110000000
6283,15400000
6284,60000000
6285,100000000
6286,17000000
6287,33000000
6288,102000000
6289,110000000
6290,1000000
6291,12000000
6292,102000000
6293,102000000
6294,16000000
6295,102000000
6296,10000000
6297,12
6298,5000000
6299,1000000
6300,6500000
6301,110000000
6302,5000000
6303,1000000
6304,11000000
6305,10400000
6306,12
6307,21000000
6308,1300000
6309,3
6310,100000000
6311,25000
6312,20000000
6313,12
6314,12000000
6315,1000000
6316,2000000
6317,60000000
6318,12000000
6319,2300000
6320,1000000
6321,102000000
6322,10000000
6323,10000000
6324,8
6325,102000000
6326,100
6327,13000000
6328,10000000
6329,9000000
6330,16000000
6331,4000000
6332,2500000
6333,7500000
6334,25
6335,12000000
6336,6000000
6337,110000000
6338,3200000
6339,4300000
6340,9700000
6341,1000000
6342,76000000
6343,25000
6344,110000000
6345,7000000
6346,13000000
6347,100000000
6348,1
6349,12000000
6350,1000000
6351,15000000
6352,36000000
6353,5000000
6354,25000
6355,1100000
6356,20000000
6357,1400000
6358,2500000
6359,1400000
6360,5000000
6361,33000000
6362,8
6363,10000000
6364,5000000
6365,110000000
6366,4300000
6367,1000000
6368,21000000
6369,4300000
6370,102000000
6371,10000000
6372,12
6373,1000000
6374,1400000
6375,102000000
6376,7800000
6377,6000000
6378,10000000
6379,1100000
6380,7500000
6381,6700000
6382,10000000
6383,6700000
6384,33000000
6385,6000000
6386,102000000
6387,76000000
6388,8000000
6389,10000000
6390,7900000
6391,1100000
6392,100000000
6393,7000000
6394,17000000
6395,25000
6396,20000000
6397,1300000
6398,5000000
6399,1100000
6400,11000000
6401,20000000
6402,9700000
6403,5900000
6404,2000000
6405,6700000
6406,1300000
6407,2000000
6408,41296320
6409,110000000
6410,5483299
6411,7000000
6412,14000000
6413,76000000
6414,102000000
6415,8
6416,2500000
6417,15000000
6418,30
6419,2000000
6420,10000000
6421,18000000
6422,25000
6423,9500000
6424,13000000
6425,157100845
6426,5000000
6427,3100000
6428,9700000
6429,110000000
6430,100000000
6431,60000000
6432,20000000
6433,76000000
6434,33000000
6435,1500000
6436,6700000
6437,6000000
6438,7900000
6439,21000000
6440,12000000
6441,9700000
6442,7500000
6443,4000000
6444,1600000
6445,102000000
6446,23000000
6447,9500000
6448,8000000
6449,9000000
6450,25
6451,500000
6452,7900000
6453,110000000
6454,30
6455,18000000
6456,6000000
6457,7900000
6458,3
6459,3
6460,110000000
6461,6700000
6462,60000000
6463,10000000
6464,10000000
6465,5000000
6466,1400000
6467,500000
6468,1600000
6469,11000000
6470,1100000
6471,100
6472,4100000
6473,33000000
6474,2300000
6475,6000000
6476,21000000
6477,1000000
6478,2300000
6479,102000000
6480,100000000
6481,17000000
6482,6000000
6483,7000000
6484,15000000
6485,12
6486,9700000
6487,2500000
6488,11000000
6489,3000000
6490,17000000
6491,7800000
6492,5900000
6493,5000000
6494,2200000
6495,4000000
6496,4100000
6497,33000000
6498,20000000
6499,10000000
6500,36000000
6501,1100000
6502,102000000
6503,1500000
6504,500000
6505,6500000
6506,1
6507,1
6508,36894225
6509,6000000
6510,12000000
6511,500000
6512,25000
6513,32000000
6514,1000000
6515,7000000
6516,10000000
6517,9500000
6518,30
6519,12
6520,9500000
6521,76000000
6522,1400000
6523,2000000
6524,12000000
6525,20000000
6526,25000000
6527,16000000
6528,10000000
6529,25000
6530,13000000
6531,21000000
6532,9500000
6533,6000000
6534,102000000
6535,33000000
6536,1400000
6537,60000000
6538,47000000
6539,7800000
6540,15000000
6541,60000000
6542,10000000
6543,13000000
6544,12000000
6545,18
6546,62000000
6547,6000000
6548,33000000
6549,33000000
6550,21000000
6551,100000000
6552,100000000
6553,25000000
6554,13000000
6555,1
6556,21000000
6557,9700000
6558,102000000
6559,7900000
6560,110000000
6561,1
6562,60000000
6563,500000
6564,10000000
6565,4600000
6566,12
6567,30
6568,33000000
6569,25000
6570,62000000
6571,7800000
6572,5000000
6573,6000000
6574,12355798
6575,25000
6576,21000000
6577,2600000
6578,6700000
6579,47000000
6580,25
6581,76000000
6582,1
6583,6000000
6584,3
6585,60000000
6586,23000000
6587,10000000
6588,36000000
6589,47000000
6590,18000000
6591,33000000
6592,4600000
6593,13000000
6594,12
6595,25
6596,10000000
6597,1000000
6598,120000
6599,18000000
6600,5000000
6601,1600000
6602,3100000
6603,4600000
6604,18000000
6605,33000000
6606,7000000
6607,13000000
6608,10000000
6609,100
6610,1000000
6611,9600000
6612,102000000
6613,7800000
6614,110000000
6615,20000000
6616,110000000
6617,12
6618,100000000
6619,6000000
6620,16000000
6621,7900000
6622,30
6623,18000000
6624,12000000
6625,76000000
6626,9500000
6627,3000000
6628,10
6629,25000
6630,10000000
6631,1600000
6632,1
6633,4600000
6634,60000000
6635,1600000
6636,13000000
6637,110000000
6638,76000000
6639,4100000
6640,10000000
6641,102000000
6642,18
6643,11000000
6644,1
6645,12000000
6646,14000000
6647,8
6648,12000000
6649,4300000
6650,1
6651,12000000
6652,1000000
6653,12000000
6654,7800000
6655,7800000
6656,1400000
6657,2500000
6658,500000
6659,14000000
6660,1500000
6661,25000
6662,7500000
6663,76000000
6664,3000000
6665,25000
6666,2300000
6667,7800000
6668,12000000
6669,11000000
6670,9500000
6671,1400000
6672,1600000
6673,10400000
6674,102000000
6675,15000000
6676,7000000
6677,20000000
6678,10400000
6679,110000000
6680,7000000
6681,60000000
6682,11000000
6683,5000000
6684,1100000
6685,3
6686,10000000
6687,18000000
6688,11000000
6689,4600000
6690,110000000
6691,5900000
6692,62000000
6693,100000000
6694,17000000
6695,7800000
6696,100000000
6697,11000000
6698,6700000
6699,9000000
6700,251171807
6701,12000000
6702,33000000
6703,7500000
6704,10
6705,33000000
6706,2300000
6707,23000000
6708,5000000
6709,10
6710,12
6711,11000000
6712,110000000
6713,1600000
6714,13000000
6715,11000000
6716,110000000
6717,6700000
6718,2600000
6719,6700000
6720,10000000
6721,6700000
6722,10000000
6723,17000000
6724,6000000
6725,11000000
6726,4600000
6727,3200000
6728,20000000
6729,18000000
6730,10000000
6731,9000000
6732,11000000
6733,1600000
6734,6000000
6735,655011224
6736,5000000
6737,7800000
6738,9700000
6739,14000000
6740,6000000
6741,100
6742,12
6743,102000000
6744,3
6745,8
6746,18
6747,2200000
6748,16000000
6749,1
6750,1400000
6751,100000000
6752,15000000
6753,13000000
6754,2500000
6755,36000000
6756,110000000
6757,7500000
6758,76000000
6759,12
6760,13000000
6761,9600000
6762,20000000
6763,20000000
6764,2500000
6765,60000000
6766,25000
6767,9000000
6768,60000000
6769,1500000
6770,7500000
6771,4000000
6772,10000000
6773,1400000
6774,15000000
6775,102000000
6776,9600000
6777,4100000
6778,76000000
6779,11000000
6780,12000000
6781,1000000
6782,110000000
6783,3878993
6784,10000000
6785,110000000
6786,1000000
6787,30
6788,6000000
6789,20000000
6790,16000000
6791,25312387
6792,102000000
6793,4600000
6794,3
6795,2300000
6796,102000000
6797,1100000
6798,9000000
6799,1
6800,12000000
6801,7000000
6802,11000000
6803,102000000
6804,30
6805,60000000
6806,13000000
6807,102000000
6808,10000000
6809,7500000
6810,20000000
6811,6700000
6812,4600000
6813,102000000
6814,7800000
6815,76000000
6816,1000000
6817,25000
6818,5000000
6819,110000000
6820,12
6821,7000000
6822,2200000
6823,14000000
6824,110000000
6825,17000000
6826,6500000
6827,5000000
6828,25000
6829,4000000
6830,1600000
6831,12000000
6832,7900000
6833,6700000
6834,13000000
6835,60000000
6836,1600000
6837,1500000
6838,1000000
6839,14000000
6840,21888598
6841,7500000
6842,5000000
6843,2500000
6844,4600000
6845,11000000
6846,12000000
6847,500000
6848,2000000
6849,7800000
6850,23000000
6851,102000000
6852,10
6853,4000000
6854,2000000
6855,18000000
6856,1
6857,10400000
6858,12000000
6859,4600000
6860,14000000
6861,12
6862,9000000
6863,102000000
6864,36000000
6865,10000000
6866,110000000
6867,14000000
6868,62000000
6869,1400000
6870,25000
6871,14000000
6872,10000000
6873,4000000
6874,9000000
6875,11000000
6876,33000000
6877,62000000
6878,5000000
6879,1100000
6880,25000
6881,25000000
6882,7900000
6883,12
6884,7000000
6885,10000000
6886,7800000
6887,10000000
6888,100000000
6889,2000000
6890,8
6891,30
6892,20000000
6893,102000000
6894,11301649
6895,36000000
6896,102000000
6897,10
6898,2000000
6899,9700000
6900,102000000
6901,102000000
6902,1500000
6903,110000000
6904,11000000
6905,23000000
6906,102000000
6907,10000000
6908,16000000
6909,1600000
6910,10000000
6911,2200000
6912,7500000
6913,60000000
6914,60000000
6915,6000000
6916,17000000
6917,60000000
6918,6700000
6919,8
6920,110000000
6921,102000000
6922,1300000
6923,30
6924,14000000
6925,10000000
6926,13000000
6927,1600000
6928,12000000
6929,15000000
6930,102000000
6931,1500000
6932,18
6933,11000000
6934,13000000
6935,18
6936,102000000
6937,102000000
6938,7000000
6939,1600000
6940,23550000
6941,4600000
6942,47000000
6943,6000000
6944,76000000
6945,2200000
6946,60000000
6947,2500000
6948,10000000
6949,110000000
6950,60000000
6951,16000000
6952,10000000
6953,20000000
6954,62000000
6955,60000000
6956,102000000
6957,3
6958,16000000
6959,20000000
6960,17000000
6961,7500000
6962,110000000
6963,21000000
6964,102000000
6965,25
6966,60000000
6967,33000000
6968,4100000
6969,2500000
6970,9000000
6971,102000000
6972,9700000
6973,12000000
6974,6700000
6975,11000000
6976,12000000
6977,11000000
6978,1100000
6979,10000000
6980,21000000
6981,10000000
6982,30
6983,11000000
6984,4300000
6985,7900000
6986,12000000
6987,2600000
6988,8000000
6989,1500000
6990,12000000
6991,4300000
6992,5000000
6993,20000000
6994,25000
6995,3100000
6996,100000000
6997,6000000
6998,15000000
6999,4100000
7000,3
7001,18
7002,3
7003,76000000
7004,102000000
7005,1000000
7006,13000000
7007,5000000
7008,8000000
7009,8
7010,6700000
7011,1100000
7012,20000000
7013,500000
7014,4000000
7015,110000000
7016,102000000
7017,18000000
7018,11000000
7019,23000000
7020,30
7021,7800000
7022,102000000
7023,100000000
7024,6000000
7025,9000000
7026,102000000
7027,102000000
7028,1
7029,21000000
7030,20000000
7031,60000000
7032,10000000
7033,11000000
7034,1400000
7035,7800000
7036,4000000
7037,10000000
7038,1400000
7039,2300000
7040,12000000
7041,12000000
7042,102000000
7043,7800000
7044,6500000
7045,76000000
7046,12000000
7047,110000000
7048,10000000
7049,12000000
7050,6000000
7051,1000000
7052,23000000
7053,25
7054,12
7055,17000000
7056,102000000
7057,100
7058,10
7059,21000000
7060,12000000
7061,14000000
7062,62000000
7063,3200000
7064,1500000
7065,18000000
7066,20000000
7067,1000000
7068,102000000
7069,17000000
7070,102000000
7071,102000000
7072,25
7073,1400000
7074,4600000
7075,12000000
7076,13000000
7077,10000000
7078,12000000
7079,18
7080,4600000
7081,13000000
7082,3
7083,5000000
7084,2000000
7085,7500000
7086,5000000
7087,102000000
7088,7900000
7089,7000000
7090,10000000
7091,10000000
7092,102000000
7093,12
7094,60000000
7095,1
7096,16000000
7097,110000000
7098,10000000
7099,15000000
7100,110000000
7101,36000000
7102,6000000
7103,25000000
7104,100000000
7105,4600000
7106,2000000
7107,60000000
7108,1600000
7109,1400000
7110,6000000
7111,10000000
7112,12000000
7113,102000000
7114,10000000
7115,20000000
7116,9500000
7117,25000
7118,7500000
7119,6800000
7120,2500000
7121,102000000
7122,16000000
7123,6000000
7124,13000000
7125,5483299
7126,60000000
7127,15000000
7128,4100000
7129,25000000
7130,7000000
7131,3
7132,9500000
7133,13000000
7134,12000000
7135,6700000
7136,15000000
7137,12
7138,1400000
7139,7000000
7140,14000000
7141,1600000
7142,76000000
7143,12000000
7144,6000000
7145,4600000
7146,5900000
7147,12
7148,6700000
7149,4100000
7150,100
7151,4300000
7152,21000000
7153,10000000
7154,13000000
7155,7800000
7156,1400000
7157,110000000
7158,8000000
7159,17000000
7160,1000000
7161,110000000
7162,102000000
7163,5000000
7164,1600000
7165,62000000
7166,33000000
7167,1100000
7168,1
7169,10000000
7170,1
7171,10000000
7172,13000000
7173,6000000
7174,10000000
7175,20000000
7176,3000000
7177,11000000
7178,12000000
7179,12
7180,3100000
7181,8
7182,7000000
7183,1100000
7184,60000000
7185,4300000
7186,11301649
7187,13000000
7188,12
7189,7000000
7190,2300000
7191,20000000
7192,20000000
7193,1400000
7194,6000000
7195,12
7196,2000000
7197,17000000
7198,6000000
7199,1100000
7200,7800000
7201,1400000
7202,18000000
7203,1000000
7204,100000000
7205,15000000
7206,12000000
7207,13000000
7208,12000000
7209,18000000
7210,7000000
7211,1300000
7212,4000000
7213,12000000
7214,12000000
7215,60000000
7216,4000000
7217,25
7218,7800000
7219,9600000
7220,18
7221,7900000
7222,1
7223,1400000
7224,11000000
7225,100
7226,13000000
7227,110000000
7228,7900000
7229,7000000
7230,500000
7231,22456509
7232,60000000
7233,20000000
7234,33000000
7235,33000000
7236,60000000
7237,2000000
7238,4300000
7239,6500000
7240,12000000
7241,102000000
7242,20000000
7243,4100000
7244,21000000
7245,1400000
7246,3000000
7247,12000000
7248,15000000
7249,5000000
7250,10000000
7251,13000000
7252,36000000
7253,5000000
7254,6800000
7255,18
7256,9700000
7257,47000000
7258,17000000
7259,7500000
7260,76000000
7261,60000000
7262,25000
7263,33463969
7264,11000000
7265,16000000
7266,110000000
7267,6000000
7268,10
7269,60000000
7270,102000000
7271,3000000
7272,7500000
7273,1500000
7274,1600000
7275,21000000
7276,6000000
7277,110000000
7278,60000000
7279,6000000
7280,6000000
7281,10000000
7282,36000000
7283,6500000
7284,1600000
7285,7900000
7286,1400000
7287,23000000
7288,4300000
7289,102000000
7290,2000000
7291,3000000
7292,3
7293,36000000
7294,12000000
7295,10000000
7296,10
7297,14000000
7298,30
7299,13000000
7300,1
7301,12
7302,7800000
7303,18000000
7304,3200000
7305,9500000
7306,102000000
7307,3100000
7308,1
7309,2200000
7310,20000000
7311,1600000
7312,7900000
7313,60000000
7314,25000000
7315,9000000
7316,1600000
7317,14000000
7318,62000000
7319,14000000
7320,21000000
7321,10000000
7322,7800000
7323,21000000
7324,10000000
7325,6500000
7326,12000000
7327,1600000
7328,15000000
7329,9000000
7330,13000000
7331,100000000
7332,12000000
7333,12
7334,9700000
7335,7900000
7336,1600000
7337,4300000
7338,12000000
7339,13000000
7340,10000000
7341,6000000
7342,4600000
7343,4600000
7344,11000000
7345,9700000
7346,11000000
7347,10400000
7348,10
7349,30
7350,18000000
7351,102000000
7352,1100000
7353,11000000
7354,2500000
7355,100000000
7356,100000000
7357,18000000
7358,11000000
7359,6500000
7360,12
7361,1
7362,33000000
7363,76000000
7364,5000000
7365,12
7366,33000000
7367,4000000
7368,4000000
7369,7000000
7370,6819587
7371,10000000
7372,1000000
7373,21000000
7374,11000000
7375,12000000
7376,10000000
7377,25000000
7378,7800000
7379,4600000
7380,9500000
7381,7800000
7382,14000000
7383,500000
7384,2000000
7385,12000000
7386,21000000
7387,10000000
7388,7800000
7389,16000000
7390,1100000
7391,1100000
7392,10000000
7393,60000000
7394,12000000
7395,12
7396,1400000
7397,30
7398,2500000
